x pos,y pos,z pos,tag,time
262.3959961,302.7770081,39.99309921,0,1
32.59759903,464.6659851,42,1,1
469.1679993,372.7009888,18.64789963,4,1
111.5429993,257.2430115,30,27,1
175.8000031,111.0299988,18,28,1
32.15159988,277.0369873,15,29,1
147.003006,41.71229935,15,16,1
64.47949982,432.526001,12,30,1
119.112999,446.1059875,27,31,1
36.73590088,468.8070068,42,1,2
260.7330017,302.4920044,42,0,2
471.1560059,366.8349915,19.11260033,4,2
111.2009964,258.1440125,33,27,2
175.8000031,111.0299988,18,28,2
31.61720085,277.5710144,15,29,2
147.003006,43.83819962,15,16,2
65.31780243,434.3829956,15,30,2
119.112999,446.1059875,27,31,2
35.90250015,469.2019958,42,1,3
260.7820129,302.3959961,42,0,3
473.1440125,360.3940125,21.04000092,4,3
110.8690033,258.0050049,36,27,3
175.8000031,111.0299988,18,28,3
33.94710159,279.618988,18,29,3
148.1569977,43.07350159,18,16,3
67.31919861,435.92099,18,30,3
117.5800018,446.4890137,30,31,3
39.21110153,471.0150146,42,1,4
262.0559998,302.8240051,42,0,4
471.1560059,356.1229858,22.24020004,4,4
109.3180008,259.0390015,36,27,4
173.6309967,108.512001,24,28,4
30.22380066,278.0239868,18,29,4
146.5700073,44.13150024,18,16,4
67.31919861,435.92099,18,30,4
116.0139999,445.4450073,30,31,4
38.58399963,472.8009949,42,1,5
260.4599915,303.552002,42,0,5
468.9219971,352.45401,21,4,5
109.0029984,263.5310059,39,27,5
173.6309967,110.0920029,24,28,5
32.02669907,280.5840149,21,29,5
146.5700073,44.13150024,18,16,5
68.93640137,437.6289978,24,30,5
113.9899979,446.8619995,33,31,5
39.12620163,474.6749878,42,1,6
261.2860107,303.9570007,42,0,6
465.7460022,347.1600037,21,4,6
108.8010025,263.6919861,36,27,6
174.6849976,111.1460037,24,28,6
30.43849945,282.1719971,21,29,6
147.1999969,47.04240036,21,16,6
71.59750366,440.3540039,30,30,6
113.9899979,448.9400024,33,31,6
226.0200043,254.3439941,22.02400017,2,7
-6.958000183,341.2789917,25.27829933,3,7
462.8900146,342.7999878,23.41419983,4,7
38.79520035,479.4089966,42,1,7
261.1149902,303.9609985,42,0,7
106.9449997,264.5599976,39,27,7
174.6849976,111.1460037,24,28,7
30.43849945,282.7019958,21,29,7
147.1999969,47.04240036,21,16,7
71.59750366,440.3540039,30,30,7
113.0240021,449.8099976,36,31,7
227.2160034,250.0939941,20.67329979,2,8
-6.958000183,340.1690063,23.59129906,3,8
462.0859985,338.7929993,21.79000092,4,8
36.84899902,484.1000061,42,1,8
261.5979919,302.5180054,42,0,8
112.4199982,264.2090149,36,27,8
174.6849976,111.1460037,24,28,8
26.50060081,280.6830139,18,29,8
147.1999969,47.04240036,21,16,8
70.03150177,440.3540039,30,30,8
112.6740036,446.3850098,42,31,8
228.0279999,249.3820038,21.26239967,2,9
-6.958000183,339.8670044,23.94050026,3,9
461.1409912,336.4490051,23.53779984,4,9
34.60810089,486.980011,42,1,9
261.644989,302.8349915,42,0,9
114.3310013,265.4230042,42,27,9
174.6849976,111.1460037,24,28,9
28.62820053,281.7470093,18,29,9
147.1999969,47.04240036,21,16,9
70.03150177,440.3540039,30,30,9
110.9560013,447.7420044,36,31,9
230.2440033,246.0789948,22.09900093,2,10
-6.958000183,337.3999939,22.07729912,3,10
460.0050049,331.401001,24.78170013,4,10
32.78889847,487.8640137,42,1,10
260.9249878,300.4679871,42,0,10
116.2070007,266.1029968,39,27,10
176.7929993,111.6729965,24,28,10
31.28759956,281.7470093,18,29,10
148.1569977,45.71849823,18,16,10
73.68530273,440.8760071,30,30,10
110.9560013,447.7420044,36,31,10
229.0820007,246.2030029,21.47979927,2,11
-6.958000183,338.4819946,21.99090004,3,11
458.3330078,330.196991,24.64240074,4,11
35.96749878,499.9819946,42,5,11
263.8890076,304.2680054,42,0,11
119.1409988,267.3110046,36,27,11
176.5619965,113.2060013,21,28,11
31.28759956,282.8110046,18,29,11
148.1569977,48.89250183,18,16,11
74.20729828,442.9710083,30,30,11
112.4309998,449.4590149,33,31,11
229.1600037,244.2089996,21.39609909,2,12
-6.958000183,338.8380127,22.30760002,3,12
455.5759888,324.2349854,25.78730011,4,12
262.8880005,302.946991,40.3716011,0,12
36.02410126,499.9819946,42,5,12
117.75,266.6180115,39,27,12
176.5619965,113.2060013,21,28,12
30.22380066,283.875,18,29,12
148.1569977,48.89250183,18,16,12
74.20729828,442.9710083,30,30,12
110.9560013,451.8779907,36,31,12
-6.958000183,338.4339905,22.84009933,3,13
451.8439941,318.3959961,27.38380051,4,13
35.92649841,499.9819946,42,5,13
263.3880005,303.0190125,42,0,13
121.7259979,266.2770081,36,27,13
176.2660065,113.2539978,24,28,13
30.22380066,283.875,18,29,13
148.1569977,48.89250183,18,16,13
74.20729828,444.5369873,30,30,13
110.439003,454.980011,36,31,13
231.0269928,243.7200012,21.7446003,2,14
-6.958000183,338.7669983,20.68129921,3,14
396.1849976,499.9819946,21.28269958,6,14
448.4169922,312.4110107,27.92309952,4,14
264.4140015,302.3039856,38.24909973,0,14
38.19580078,497.7099915,42,5,14
123.7939987,265.2430115,36,27,14
177.0919952,112.6760025,21,28,14
32.68600082,282.381012,15,29,14
148.0659943,48.11489868,15,16,14
74.9910965,445.8819885,33,30,14
109.3150024,457.2510071,33,31,14
-6.958000183,336.118988,21.47039986,3,15
392.4330139,499.9819946,22.84370041,6,15
444.1749878,308.0350037,33.16120148,4,15
37.5080986,499.9819946,42,5,15
261.9400024,301.4490051,42,0,15
125.3460007,265.2430115,36,27,15
177.0919952,112.6760025,21,28,15
31.08289909,282.381012,15,29,15
149.1289978,48.11489868,15,16,15
73.75800323,449.8680115,42,30,15
109.3150024,459.32901,33,31,15
-6.958000183,332.5480042,21.1868,3,16
394.2470093,499.9819946,21.71290016,6,16
37.97769928,499.3519897,42,5,16
264.9419861,302.7409973,42,0,16
442.3970032,303.6419983,42,4,16
179.6060028,442.2109985,39,7,16
131.7409973,267.9830017,42,27,16
177.0919952,112.6760025,21,28,16
31.08289909,283.9840088,15,29,16
149.1289978,48.11489868,15,16,16
73.2460022,455.0100098,42,30,16
108.276001,461.927002,33,31,16
-6.958000183,331.8649902,20.27339935,3,17
393.0419922,499.9819946,23.16620064,6,17
264.0599976,302.25,39.01670074,0,17
42.35630035,499.9819946,42,5,17
440.9259949,299.0899963,42,4,17
181.9790039,445.5969849,42,7,17
129.0700073,268.1619873,39,27,17
177.0919952,112.6760025,21,28,17
30.01409912,282.9150085,15,29,17
145.4080048,48.11489868,15,16,17
105.5749969,464.2179871,30,31,17
-6.958000183,332.5849915,20.12290001,3,18
392.9429932,498.243988,22.01110077,6,18
265.7550049,302.3640137,37.34939957,0,18
442.0369873,293.8569946,42,4,18
178.246994,442.95401,36,7,18
130.2050018,269.0069885,42,27,18
177.0919952,112.6760025,21,28,18
19.86109924,283.4490051,15,29,18
150.1920013,48.11489868,15,16,18
102.3300018,470.6910095,27,31,18
-6.958000183,332.1040039,21.75209999,3,19
391.9769897,499.9819946,23.8859005,6,19
265.131012,303.5559998,38.66659927,0,19
45.83639908,499.9819946,42,5,19
441.3139954,287.7770081,42,4,19
177.3970032,446.769989,33,7,19
130.2050018,269.0069885,42,27,19
176.5619965,112.6760025,21,28,19
19.86100006,283.9840088,15,29,19
149.6600037,50.77220154,15,16,19
100.8769989,473.1040039,30,31,19
-6.958000183,331.1860046,20.04240036,3,20
393.1260071,492.7659912,21.59210014,6,20
265.4349976,303.1099854,38.15589905,0,20
442.0690002,285.7980042,42,4,20
180.9279938,453.4400024,27,7,20
129.5850067,269.1910095,39,27,20
176.3320007,113.1569977,18,28,20
18.52219963,283.875,18,29,20
149.6600037,50.77220154,15,16,20
99.1835022,479.6069946,27,31,20
-6.958000183,330.6879883,21.46369934,3,21
392.7919922,494.1690063,23.0991993,6,21
264.7250061,302.6040039,42,0,21
182.5019989,457.6409912,27,7,21
127.1320038,267.9830017,42,27,21
176.3320007,113.689003,18,28,21
16.6739006,285.8779907,21,29,21
149.6600037,50.77220154,15,16,21
98.53369904,485.6059875,24,31,21
-6.958000183,329.8049927,21.55550003,3,22
392.6199951,498.1059875,22.84770012,6,22
264.3909912,302.6029968,42,0,22
183.5509949,458.6900024,27,7,22
124.5719986,267.9830017,42,27,22
176.3320007,113.689003,18,28,22
17.47990036,287.8569946,24,29,22
148.0659943,48.10739899,15,16,22
96.95290375,489.2900085,24,31,22
-4.182409763,330.5840149,25.33839989,3,23
393.5939941,499.9819946,24.62190056,6,23
266.0169983,304.9970093,42,0,23
184.3040009,465.7630005,24,7,23
124.5719986,269.5190125,42,27,23
176.3320007,113.689003,18,28,23
150.272995,50.44469833,18,16,23
97.08580017,493.2850037,27,31,23
179.8200073,472.6130066,20.37039948,7,24
-2.033859968,326.7600098,23.4109993,3,24
392.8540039,499.9819946,22.33869934,6,24
263.743988,302.802002,42,0,24
123.9250031,267.1329956,39,27,24
175.2680054,114.7529984,18,28,24
148.0659943,50.76480103,15,16,24
96.4260025,492.9609985,24,31,24
-0.313547999,324.6900024,24.08779907,3,25
392.697998,493.6700134,22.79229927,6,25
264.125,301.8129883,39.95429993,0,25
122.012001,265.4230042,42,27,25
176.3320007,114.7529984,18,28,25
147.4459991,50.02939987,12,16,25
96.4260025,495.0690002,24,31,25
1.129160047,323.0230103,25.04599953,3,26
175.3699951,477.1140137,24.16250038,7,26
393.4230042,494.4020081,23.87599945,6,26
264.5750122,301.3970032,42,0,26
119.1409988,266.2770081,36,27,26
177.927002,115.8170013,18,28,26
148.0659943,51.29380035,15,16,26
96.4260025,495.0690002,24,31,26
0.807220995,321.6040039,27.32769966,3,27
171.2180023,482.9970093,26.11240005,7,27
392.7709961,493.3779907,25.63419914,6,27
266.5270081,301.4649963,42,0,27
119.4520035,266.9590149,42,27,27
178.4589996,115.8170013,18,28,27
148.0659943,51.29380035,15,16,27
95.7661972,496.8580017,21,31,27
-6.958000183,435.1740112,13.9513998,8,28
168.7960052,488.9309998,24.46689987,7,28
0.820680022,321.0180054,26.96209908,3,28
392.8890076,493.1149902,25.60770035,6,28
266.5740051,301.8959961,42,0,28
119.4520035,266.9590149,42,27,28
177.927002,117.4120026,18,28,28
148.0659943,51.29380035,15,16,28
95.7661972,497.9169922,21,31,28
-6.958000183,435.5480042,13.77999973,8,29
231.4349976,245.5740051,23.3635006,2,29
1.335399985,319.6270142,26.67289925,3,29
165.3910065,499.2149963,27.44560051,7,29
392.552002,493.9570007,25.35759926,6,29
434.7850037,246.7449951,35.19739914,4,29
266.3940125,301.3039856,42,0,29
117.9160004,266.9590149,42,27,29
177.6210022,117.4410019,21,28,29
148.0659943,51.29380035,15,16,29
232.5509949,245.8930054,22.94869995,2,30
3.398900032,319.2229919,25.93510056,3,30
166.3170013,499.9819946,27.28300095,7,30
394.0079956,493.6539917,25.50639915,6,30
437.1059875,243.3339996,31.77009964,4,30
268.7799988,302.2009888,42,0,30
119.9639969,267.4710083,42,27,30
178.1499939,118.5,21,28,30
148.5970001,52.88819885,15,16,30
-6.958000183,435.0169983,13.41930008,8,31
231.7259979,245.4409943,22.42519951,2,31
4.913569927,315.3340149,26.42519951,3,31
392.4700012,490.0150146,25.10950089,6,31
436.7600098,239.4940033,29.90089989,4,31
269.0589905,301.7160034,40.03099823,0,31
117.5899963,266.2770081,36,27,31
178.1499939,118.5,21,28,31
148.5970001,52.88819885,15,16,31
231.2720032,246.1159973,22.73259926,2,32
9.071240425,314.2829895,28.04100037,3,32
392.6390076,487.980011,25.92970085,6,32
437.6690063,236.802002,29.66360092,4,32
270.6279907,302.3070068,40.1413002,0,32
117.5899963,266.2770081,36,27,32
177.0919952,117.4410019,21,28,32
148.5970001,55.54560089,15,16,32
232.1080017,245.2050018,23.45409966,2,33
394.553009,486.4570007,26.35759926,6,33
439.144989,232.3739929,29.24830055,4,33
271.3619995,301.6950073,42,0,33
117.5899963,266.2770081,36,27,33
177.0919952,117.4410019,21,28,33
147.5339966,53.41970062,15,16,33
325.0280151,137.9290009,13.28779984,9,34
8.459779739,428.2349854,15.36929989,8,34
439.4249878,229.2400055,28.33049965,4,34
230.904007,246.6419983,25.28219986,2,34
393.8389893,486.0329895,28.25559998,6,34
271.6090088,302.3919983,42,0,34
118.4280014,267.4710083,42,27,34
177.6210022,117.9700012,21,28,34
19.16410065,289.5169983,27,29,34
147.5339966,52.88819885,15,16,34
392.0539856,65.23000336,6,10,35
407.8200073,132.3329926,6,11,35
325.6879883,137.5220032,6,9,35
204.2899933,304.118988,6,12,35
237.6109924,369.5409851,6,13,35
44.17259979,420.321991,6,14,35
12.59389973,426.6029968,8.801400185,8,35
301.8540039,303.7130127,6,15,35
439.8540039,226.5939941,24.60219955,4,35
230.7859955,246.4320068,22.85969925,2,35
394.5629883,484.7340088,25.96769905,6,35
273.3250122,301.2919922,34.68920135,0,35
115.0049973,265.7600098,36,27,35
177.6210022,117.9700012,21,28,35
21.78630066,290.5589905,27,29,35
148.4349976,51.97859955,9,16,35
392.0230103,65.57160187,6,10,36
407.0840149,132.1360016,6,11,36
324.7619934,137.8150024,6,9,36
203.746994,305.4360046,6,12,36
236.552002,368.9419861,6,13,36
43.70769882,420.3439941,6,14,36
16.44599915,424.2179871,6,8,36
439.355011,222.1690063,20.20639992,4,36
230.447998,246.9160004,19.84609985,2,36
394.197998,483.8139954,22.42169952,6,36
274.1040039,300.8380127,32.09519958,0,36
116.3960037,265.9360046,33,27,36
176.4920044,119.4649963,6,28,36
146.826004,52.51509857,9,16,36
142.2189941,44.00640106,14.37049961,16,37
392.4219971,65.42340088,6,10,37
408.0350037,132.1349945,6,11,37
325.2810059,137.8769989,6,9,37
205.1029968,305.4530029,6,12,37
238.3789978,368.6889954,6,13,37
44.20479965,420.1809998,6,14,37
18.9932003,422.6489868,6,8,37
301.2149963,304.1080017,6,15,37
438.1919861,212.253006,19.76490021,4,37
230.6080017,247.548996,21.64719963,2,37
393.7619934,482.0769958,25.72369957,6,37
115.5220032,264.7260132,36,27,37
177.0339966,118.9240036,6,28,37
21.70149994,421.019989,15.79500008,8,38
141.2019958,42.56119919,18.01009941,16,38
437.3760071,202.4299927,19.9552002,4,38
231.6920013,246.2319946,23.51819992,2,38
395.1390076,480.9169922,27.03650093,6,38
275.480011,298.7600098,42,0,38
116.8909988,262.8630066,42,27,38
178.6799927,120.6169968,21,28,38
141.1419983,42.83420181,14.14449978,16,39
393.4979858,65.09680176,6,10,39
409.0740051,131.6869965,6,11,39
324.9219971,137.378006,6,9,39
206.2220001,306.0820007,6,12,39
241.970993,373.3800049,6,13,39
132.8280029,404.8609924,6,17,39
43.68510056,419.9530029,6,14,39
23.00760078,420.4179993,12.51159954,8,39
302.8200073,303.5969849,6,15,39
308.5849915,349.4150085,6,18,39
436.4869995,195.5379944,19.15390015,4,39
232.2160034,246.5639954,22.26259995,2,39
395.4779968,480.9549866,25.18169975,6,39
112.9369965,259.5559998,36,27,39
178.6600037,120.5490036,6,28,39
139.4790039,42.74349976,13.98180008,16,40
392.8469849,65.14589691,6,10,40
407.9960022,131.3370056,6,11,40
323.7309875,137.7169952,6,9,40
205.2890015,307.0069885,6,12,40
241.1139984,372.8169861,6,13,40
42.46340179,420.2369995,6,14,40
22.7010994,420.2890015,8.263569832,8,40
434.2130127,189.75,18.19549942,4,40
231.3809967,246.5559998,20.49430084,2,40
394.8469849,480.4349976,23.92569923,6,40
111.7210007,257.6239929,33,27,40
178.6600037,120.5490036,6,28,40
139.246994,41.95629883,16.14489937,16,41
392.4809875,64.77940369,6,10,41
407.79599,131.1950073,6,11,41
323.6499939,137.4210052,6,9,41
205.8320007,305.9089966,6,12,41
241.4850006,370.9729919,6,13,41
131.8059998,403.605011,6,17,41
41.7901001,419.446991,6,14,41
22.38030052,419.7879944,11.07989979,8,41
301.0620117,303.0109863,6,15,41
310.4060059,348.7210083,6,18,41
231.0010071,245.7830048,23.01600075,2,41
431.4509888,183.977005,20.95339966,4,41
394.5450134,480.3959961,26.04700089,6,41
110.1620026,257.6239929,33,27,41
177.0339966,120.5490036,6,28,41
139.3730011,42.05059814,16.35919952,16,42
392.6799927,65.12819672,6,10,42
408.1350098,131.3470001,6,11,42
324.0820007,137.6130066,6,9,42
206.2599945,306.5950012,6,12,42
240.6600037,368.9039917,6,13,42
131.727005,402.8640137,6,17,42
41.23889923,419.2720032,6,14,42
22.76989937,419.7709961,11.26360035,8,42
301.5169983,303.67099,6,15,42
311.4400024,349.4620056,6,18,42
231.470993,245.5630035,23.99099922,2,42
430.0960083,181.0529938,21.73550034,4,42
394.696991,480.368988,27.04030037,6,42
104.3420029,252.0299988,6,27,42
179.2019958,120.5490036,6,28,42
139.1909943,41.77349854,15.69139957,16,43
392.4289856,65.2220993,6,10,43
408.1879883,131.1840057,6,11,43
324.0390015,137.7129974,6,9,43
206.5630035,306.8770142,6,12,43
238.4340057,368.2219849,6,13,43
131.1199951,401.6830139,6,17,43
41.73120117,419.2189941,6,14,43
22.81150055,419.4089966,12.8057003,8,43
301.8930054,303.2359924,6,15,43
310.3989868,348.3429871,6,18,43
231.6970062,244.9120026,23.32329941,2,43
429.1270142,179.7960052,20.9428997,4,43
105.4260025,252.5720062,6,27,43
179.2019958,120.5490036,6,28,43
139.8950043,41.95040131,15.11369991,16,44
392.8729858,65.12860107,6,10,44
408.7449951,131.1719971,6,11,44
324.177002,137.5809937,6,9,44
206.6869965,307.2909851,6,12,44
238.0670013,368.4349976,6,13,44
131.0189972,400.855011,6,17,44
40.92689896,418.5020142,6,14,44
23.81399918,418.980011,12.00450039,8,44
300.8580017,303.2290039,6,15,44
310.5020142,347.769989,6,18,44
232.2100067,244.6950073,23.41539955,2,44
426.2420044,174.4700012,20.13610077,4,44
105.4260025,252.5720062,6,27,44
179.2019958,120.5490036,6,28,44
392.4249878,65.28160095,6,10,45
408.5469971,131.1069946,6,11,45
323.177002,137.2779999,6,9,45
207.0240021,307.0039978,6,12,45
237.7369995,368.8770142,6,13,45
131.5579987,399.7739868,6,17,45
42.31280136,418.3280029,6,14,45
24.09029961,418.6619873,14.81999969,8,45
301.2449951,303.5299988,6,15,45
311.2260132,347.4370117,6,18,45
138.4120026,41.20410156,18.02079964,16,45
232.1499939,244.5650024,26.23530006,2,45
421.0639954,166.8079987,23.66379929,4,45
103.2590027,253.1139984,6,27,45
178.6600037,120.5490036,6,28,45
136.6909943,38.99129868,15.56029987,16,46
391.9030151,64.31739807,6,10,46
407.9020081,129.2619934,6,11,46
322.553009,136.3600006,6,9,46
236.0820007,367.1669922,6,13,46
130.9060059,399.6610107,6,17,46
41.33750153,417.2449951,6,14,46
23.32900047,417.4760132,10.08940029,8,46
311.5490112,347.2919922,6,18,46
231.2290039,243.8580017,25.3519001,2,46
419.0130005,160.1399994,23.58530045,4,46
207.1309967,310.3450012,20.27969933,12,46
107.0449982,258.6629944,33,27,46
178.1179962,120.5490036,6,28,46
392.1690063,65.87640381,6,10,47
407.9719849,131.1109924,6,11,47
322.6870117,137.7709961,6,9,47
206.7890015,309.1199951,12.99100018,12,47
237.8849945,368.2290039,6,13,47
131.1529999,400.0840149,6,17,47
41.94720078,418.6260071,6,14,47
23.86919975,418.9859924,14.36730003,8,47
300.1000061,304.2269897,6,15,47
313.3599854,350.196991,6,18,47
135.4889984,37.22850037,17.11630058,16,47
231.3439941,244.9640045,26.41950035,2,47
420.4700012,160.5099945,26.29380035,4,47
177.0339966,117.8399963,6,28,47
392.9779968,64.93139648,6,10,48
407.9809875,130.8350067,6,11,48
322.3519897,137.0919952,6,9,48
206.3480072,306.4150085,6,12,48
131.0570068,399.5700073,6,17,48
41.82830048,418.0320129,6,14,48
240.9909973,367.7839966,8.375720024,13,48
23.66839981,418.3120117,16.00180054,8,48
299.9179993,304.144989,6,15,48
315.006012,351.8850098,6,18,48
135.5079956,35.70569992,18.22870064,16,48
231.7290039,245.0429993,26.92020035,2,48
426.428009,160.4660034,29.67550087,4,48
175.951004,117.8399963,6,28,48
393.3989868,63.43199921,6,10,49
408.1159973,129.3370056,6,11,49
322.6140137,135.8650055,6,9,49
206.6289978,305.3190002,6,12,49
131.0720062,396.9389954,6,17,49
40.72729874,416.1300049,10.73410034,14,49
300.5339966,302.0239868,6,15,49
316.2449951,351.2820129,6,18,49
134.6589966,31.16270065,19.18880081,16,49
231.6940002,243.5220032,26.96290016,2,49
24.48730087,416.7009888,16.64080048,8,49
430.1149902,160.7839966,30.24500084,4,49
175.3329926,116.8180008,12,28,49
393.2059937,63.41320038,6,10,50
407.9119873,129.4100037,6,11,50
322.4960022,136.1929932,6,9,50
207.0859985,306.2820129,6,12,50
244.1730042,369.4989929,6,13,50
131.177002,397.571991,6,17,50
40.91450119,416.6549988,8.154470444,14,50
23.73019981,417.625,15.49979973,8,50
300.3370056,301.9060059,6,15,50
315.9979858,351.8710022,6,18,50
133.8359985,30.21100044,18.19099998,16,50
231.2050018,244.5090027,25.57629967,2,50
433.7929993,164.6719971,29.61910057,4,50
175.8699951,116.8180008,12,28,50
392.6799927,63.81990051,6,10,51
407.6849976,130.0650024,6,11,51
321.9609985,137.0350037,6,9,51
243.3280029,370.8940125,6,13,51
131.0460052,398.3389893,6,17,51
41.23020172,417.3989868,6,14,51
20.7866993,419.3840027,15.97789955,8,51
299.894989,302.7739868,6,15,51
315.9639893,352.6109924,6,18,51
132.8619995,26.31220055,18.10630035,16,51
231.1959991,245.9060059,25.17880058,2,51
437.5960083,170.5509949,29.62190056,4,51
175.951004,117.2979965,6,28,51
393.3200073,64.59929657,6,10,52
407.3410034,130.5059967,6,11,52
321.5100098,137.7640076,6,9,52
243.1889954,372.2909851,6,13,52
130.6809998,398.6319885,6,17,52
40.82130051,418.1409912,6,14,52
17.06389999,422.9379883,14.44390011,8,52
299.3240051,304.1659851,6,15,52
132.1230011,24.68320084,17.82579994,16,52
230.8049927,246.4429932,25.03549957,2,52
438.8110046,174.1880035,29.10300064,4,52
177.2570038,118.4049988,9,28,52
393.697998,63.65390015,6,10,53
408.3169861,129.6159973,6,11,53
321.9649963,136.8399963,6,9,53
207.1069946,305.855011,6,12,53
131.7749939,397.9590149,6,17,53
41.72090149,416.927002,6,14,53
299.5710144,304.3970032,6,15,53
315.1520081,351.8640137,6,18,53
131.7030029,18.62560081,19.7723999,16,53
231.7579956,245.8950043,25.18860054,2,53
440.45401,174.526001,29.39010048,4,53
175.951004,118.9240036,6,28,53
392.1910095,66.67199707,6,10,54
406.9710083,132.4589996,6,11,54
320.8880005,139.1940002,6,9,54
205.7200012,308.1579895,6,12,54
130.0619965,399.4169922,6,17,54
40.08010101,419.1960144,12.7723999,14,54
298.4880066,307.0180054,6,15,54
313.3649902,353.2179871,6,18,54
129.322998,18.54999924,23.68829918,16,54
8.021710396,427.5710144,17.25090027,8,54
229.947998,248.4440002,26.26759911,2,54
176.7180023,121.1019974,9,28,54
392.5750122,67.27390289,6,10,55
406.9679871,132.5469971,6,11,55
321.2850037,139.651001,6,9,55
205.0639954,307.5880127,6,12,55
129.8829956,399.8649902,6,17,55
39.62900162,419.5419922,14.3739996,14,55
298.5029907,307.348999,6,15,55
313.5440063,352.9729919,6,18,55
6.316470146,428.2420044,18.35350037,8,55
230.0850067,248.9869995,27.07629967,2,55
176.4920044,123.8000031,6,28,55
392.2720032,67.8628006,6,10,56
407.1369934,132.6609955,6,11,56
321.572998,139.5039978,6,9,56
204.1589966,304.3980103,6,12,56
129.7799988,399.0440063,6,17,56
40.27970123,419.4519958,14.28009987,14,56
298.6879883,306.0469971,6,15,56
313.9440002,352.4960022,6,18,56
229.9920044,248.871994,27.45859909,2,56
176.1790009,123.2590027,9,28,56
392.302002,67.82749939,6,10,57
407.1560059,132.2429962,6,11,57
321.519989,139.3139954,6,9,57
204.3329926,304.7449951,6,12,57
129.598999,398.6940002,6,17,57
40.33179855,419.0690002,13.80609989,14,57
299.1789856,304.9880066,6,15,57
311.9249878,352.0849915,6,18,57
230.0070038,248.2630005,27.01510048,2,57
176.1790009,123.2590027,9,28,57
390.3410034,68.00730133,6,10,58
406.8970032,131.6069946,6,11,58
320.8739929,138.8450012,6,9,58
204.0240021,304.125,6,12,58
129.2749939,398.0069885,6,17,58
40.25910187,418.5629883,12.88529968,14,58
298.7810059,304.9519958,6,15,58
307.3250122,350.0870056,6,18,58
229.7189941,247.6360016,26.89780045,2,58
176.1790009,123.2590027,9,28,58
388.3710022,68.26490021,6,10,59
406.4609985,130.052002,6,11,59
320.6589966,137.970993,6,9,59
202.6300049,303.1860046,6,12,59
235.3710022,368.4500122,6,13,59
129.5540009,397.7919922,6,17,59
40.12340164,417.9020081,6,14,59
297.928009,304.4089966,6,15,59
306.2940063,348.3309937,6,18,59
229.4490051,247.0789948,25.02169991,2,59
177.0339966,122.1750031,6,28,59
388.1140137,68.3239975,6,10,60
406.4920044,129.673996,6,11,60
320.9049988,137.6439972,6,9,60
201.2200012,298.0010071,6,12,60
235.1060028,368.29599,6,13,60
129.9160004,398.1879883,6,17,60
40.95679855,417.6600037,8.95320034,14,60
297.5539856,305.5050049,6,15,60
307.5350037,347.8280029,6,18,60
-6.958000183,115.7730026,17.97100067,19,60
229.6049957,246.5579987,25.46899986,2,60
177.576004,121.6330032,6,28,60
388.9719849,68.14369965,6,10,61
406.9729919,129.6560059,6,11,61
321.6210022,138.0619965,6,9,61
200.128006,293.0360107,6,12,61
129.9550018,398.8580017,6,17,61
41.2723999,417.8909912,13.15509987,14,61
298.0050049,306.1740112,6,15,61
306.7130127,347.3179932,6,18,61
-1.52136004,112.7269974,20.15970039,19,61
229.8200073,246.5110016,26.37120056,2,61
177.0339966,123.2580032,6,28,61
389.4309998,68.01930237,6,10,62
407.0440063,129.6410065,6,11,62
321.4169922,138.0079956,6,9,62
200.7740021,291.6950073,6,12,62
130.4620056,400.75,6,17,62
235.8220062,368.7770081,8.501729965,13,62
41.34899902,418.1560059,13.47340012,14,62
298.1350098,306.1579895,6,15,62
305.4230042,346.2460022,6,18,62
12.71529961,114.0780029,20.43429947,19,62
230.3029938,247.1320038,27.73250008,2,62
90.94129944,67.68399811,33,20,62
177.0339966,123.2580032,6,28,62
389.5939941,68.09010315,6,10,63
407.3309937,130.3690033,6,11,63
321.5249939,137.9900055,6,9,63
131.4519958,402.1390076,6,17,63
201.5070038,290.9259949,11.28320026,12,63
236.0460052,368.4249878,11.78499985,13,63
41.97050095,418.0429993,14.52859974,14,63
298.5840149,305.3089905,6,15,63
305.0639954,343.3500061,6,18,63
21.71520042,117.9980011,21.96879959,19,63
82.29810333,457.6220093,6,26,63
96.41619873,74.20290375,30,20,63
177.576004,123.8000031,6,28,63
389.8680115,67.30699921,6,10,64
407.0429993,129.3150024,6,11,64
321.9100037,137.5570068,6,9,64
131.8789978,402.8850098,6,17,64
236.0789948,368.2160034,8.918330193,13,64
41.37049866,417.822998,13.18050003,14,64
298.2810059,304.2619934,6,15,64
304.5050049,342.0249939,6,18,64
28.89450073,122.6190033,24.05249977,19,64
230.5529938,247.1569977,27.97410011,2,64
86.82219696,449.4559937,24,26,64
99.64060211,81.63809967,24,20,64
176.4920044,121.0910034,6,28,64
389.2919922,66.84210205,6,10,65
406.696991,128.9940033,6,11,65
321.3559875,136.9259949,6,9,65
236.3549957,367.5409851,6,13,65
131.8890076,402.4020081,6,17,65
41.85580063,417.2529907,11.80459976,14,65
298.20401,302.9360046,6,15,65
304.1549988,339.9419861,6,18,65
109.3280029,93.07659912,18.55599976,20,65
33.08160019,126.2460022,26.80540085,19,65
436.553009,171.4759979,30.59339905,4,65
85.84609985,441.1589966,18,26,65
174.8670044,119.4649963,6,28,65
389.4549866,66.56130219,6,10,66
406.4419861,127.5350037,6,11,66
320.5310059,135.8939972,6,9,66
210.4909973,290.2009888,6,12,66
236.8999939,367.2980042,6,13,66
131.7429962,401.9349976,6,17,66
40.9734993,416.7929993,8.99050045,14,66
297.9710083,302.5920105,6,15,66
303.7929993,338.2730103,6,18,66
111.9440002,102.223999,17.78549957,20,66
230.0659943,245.9609985,27.95999908,2,66
35.44950104,128.5319977,29.24860001,19,66
434.8649902,168.9340057,29.65950012,4,66
85.31420135,436.3720093,18,26,66
173.7830048,118.3820038,6,28,66
389.6659851,66.37989807,6,10,67
406.6390076,126.1220016,6,11,67
319.9649963,135.2359924,6,9,67
214.0529938,292.0740051,6,12,67
131.9759979,401.32901,6,17,67
42.90420151,417.7170105,14.40439987,14,67
298.3529968,302.4020081,6,15,67
303.2489929,337.4289856,6,18,67
116.8399963,111.1520004,19.61170006,20,67
230.1320038,245.6089935,28.64049911,2,67
434.6409912,167.5659943,29.91839981,4,67
87.7664032,432.6690063,15,26,67
173.2420044,116.2149963,6,28,67
388.9649963,67.14810181,6,10,68
407.0469971,127.0439987,6,11,68
320.0589905,135.0209961,6,9,68
216.5709991,294.0580139,6,12,68
132.2579956,401.5369873,6,17,68
298.7520142,302.2260132,6,15,68
302.8190002,336.8599854,6,18,68
120.072998,116.8069992,21.28170013,20,68
45.12680054,421.1830139,18.38549995,14,68
230.6909943,245.875,28.92140007,2,68
436.5840149,170.0169983,30.53890038,4,68
88.18589783,432.6239929,21,26,68
173.2420044,115.6729965,6,28,68
389.2770081,67.53720093,6,10,69
407.4890137,126.8199997,6,11,69
320.5079956,135.5740051,6,9,69
132.2290039,401.2810059,6,17,69
218.8869934,295.1549988,7.843679905,12,69
237.4499969,367.6530151,12.33189964,13,69
298.8330078,302.6149902,6,15,69
300.7399902,337.1489868,6,18,69
121.1100006,121.0419998,23.11650085,20,69
46.09700012,424.1820068,21.42499924,14,69
88.71530151,432.6239929,21,26,69
172.6999969,115.6729965,6,28,69
389.131012,67.87200165,6,10,70
407.5109863,126.6449966,6,11,70
321.2130127,135.9750061,6,9,70
131.9960022,400.7470093,6,17,70
219.6360016,294.8039856,10.18410015,12,70
299.2340088,303.0639954,6,15,70
297.6950073,337.4020081,6,18,70
122.5049973,128.1569977,21.4265995,20,70
46.77510071,424.2330017,22.95000076,14,70
17.03569984,317.6109924,29.29290009,21,70
90.4253006,432.1570129,6,26,70
171.0740051,112.9639969,6,28,70
389.2139893,67.16860199,6,10,71
407.54599,125.4800034,6,11,71
321.743988,135.5319977,6,9,71
131.7039948,399.7160034,6,17,71
220.7850037,295.2709961,9.917559624,12,71
298.3609924,303.5209961,6,15,71
296.8380127,336.8999939,6,18,71
128.0249939,135.6130066,17.17029953,20,71
46.58300018,424.1960144,23.72999954,14,71
17.58810043,318.3959961,27.92690086,21,71
103.6839981,422.5820007,24,26,71
169.9909973,112.4219971,6,28,71
132.7830048,142.6069946,15.33880043,20,72
388.6149902,67.46649933,6,10,72
407.026001,125.7509995,6,11,72
321.2000122,134.8370056,6,9,72
221.8470001,295.0750122,6,12,72
131.852005,400.1789856,6,17,72
297.8659973,303.32901,6,15,72
294.5369873,335.7059937,6,18,72
45.94749832,424.5360107,23.5802002,14,72
16.89850044,318.2879944,26.33320045,21,72
108.4260025,419.42099,24,26,72
168.9069977,109.1709976,6,28,72
138.4279938,148.397995,15.63549995,20,73
388.7539978,67.42710114,6,10,73
406.9389954,125.0559998,6,11,73
321.0180054,134.0410004,6,9,73
222.9790039,294.5780029,6,12,73
131.822998,399.6180115,6,17,73
297.4849854,302.5769958,6,15,73
293.1669922,334.6430054,6,18,73
145.3079987,38.33860016,25.96199989,22,73
16.20569992,320.401001,22.83919907,21,73
48.3368988,424.2420044,24.34140015,14,73
112.6419983,416.7860107,24,26,73
167.2819977,108.086998,6,28,73
143.5249939,154.7220001,16.37730026,20,74
388.901001,67.15599823,6,10,74
407.0090027,124.4720001,6,11,74
321.1140137,134.1880035,6,9,74
227.8690033,294.980011,6,12,74
131.996994,399.8439941,6,17,74
297.9509888,302.4240112,6,15,74
291.6879883,334.256012,6,18,74
147.5379944,39.88600159,24.91160011,22,74
14.53219986,325.4949951,18.63419914,21,74
51.96789932,423.8869934,25.80960083,14,74
116.4319992,426.196991,6,26,74
165.6560059,106.461998,6,28,74
388.9079895,67.77189636,6,10,75
407.5690002,124.9000015,6,11,75
321.4760132,134.8000031,6,9,75
131.8919983,399.427002,6,17,75
298.125,303.0580139,6,15,75
291.6099854,334.3999939,6,18,75
149.9940033,161.2059937,17.74950027,20,75
148.8040009,41.10509872,25.34819984,22,75
13.97060013,329.6719971,18.67149925,21,75
52.65769958,423.8729858,26.57509995,14,75
122.7799988,425.7340088,30,26,75
165.4129944,105.6279984,15,28,75
389.026001,68.15989685,6,10,76
407.7250061,126.0780029,6,11,76
322.1659851,135.1289978,7.828460217,9,76
131.9579926,399.5150146,6,17,76
231.7460022,293.8789978,12.66329956,12,76
298.4389954,302.1080017,8.25440979,15,76
153.3029938,163.7920074,19.16379929,20,76
154.7940063,43.30279922,26.01790047,22,76
15.99720001,333.7380066,20.06520081,21,76
53.15779877,424.0750122,27.81850052,14,76
123.302002,428.8659973,30,26,76
165.6940002,106.7750015,18,28,76
389.1799927,68.1053009,6,10,77
407.697998,125.2259979,6,11,77
321.6589966,134.8509979,6,9,77
131.9140015,399.3410034,6,17,77
232.4140015,292.9200134,12.89960003,12,77
298.5769958,301.1319885,7.799510002,15,77
290.8710022,334.0270081,9.234649658,18,77
155.9259949,166.1790009,18.86980057,20,77
157.2440033,44.68640137,24.80340004,22,77
18.46660042,337.0039978,19.88909912,21,77
52.51910019,424.4970093,27.47270012,14,77
123.302002,428.8659973,30,26,77
164.9149933,106.8529968,21,28,77
389.2130127,67.29669952,6,10,78
407.2909851,125.7509995,6,11,78
321.2709961,134.0500031,6,9,78
131.1170044,397.9970093,6,17,78
232.3699951,292.2489929,10.36240005,12,78
298.2019958,300.7829895,6,15,78
159.7700043,170.6210022,17.16629982,20,78
160.3480072,47.41899872,21.57769966,22,78
19.88069916,338.7390137,18.66449928,21,78
52.39839935,423.9339905,27.14920044,14,78
122.2580032,425.2120056,30,26,78
164.595993,106.6179962,12,28,78
485.071991,336.5010071,8.310420036,25,78
162.3619995,172.0859985,15.51329994,20,79
389.2630005,66.47080231,6,10,79
407.1220093,125.1340027,6,11,79
321.4179993,133.154007,6,9,79
232.2960052,290.6419983,6,12,79
130.473999,396.2229919,6,17,79
297.8580017,299.0539856,6,15,79
286.6629944,330.6210022,6,18,79
164.4380035,48.57630157,17.97139931,22,79
19.65570068,338.3999939,17.89660072,21,79
52.42910004,423.2929993,26.90439987,14,79
120.6920013,421.5580139,30,26,79
164.595993,106.6179962,12,28,79
63.9435997,100.2409973,27,24,79
485.071991,336.5289917,8.104430199,25,79
168.2859955,49.58940125,15.67780018,22,80
168.3890076,177.0570068,15.96360016,20,80
389.368988,66.1792984,6,10,80
406.723999,125.0350037,6,11,80
321.5100098,132.9340057,6,9,80
232.1040039,290.506012,6,12,80
130.1840057,396.230011,6,17,80
297.8160095,298.8240051,6,15,80
284.3429871,328.6359863,6,18,80
21.09770012,339.9519958,17.62220001,21,80
226.7920074,489.5079956,17.53989983,23,80
52.0951004,422.9620056,27.28420067,14,80
121.7360001,421.5580139,30,26,80
164.595993,106.6179962,12,28,80
64.52809906,109.2699966,18,24,80
477.1199951,337.7900085,28.91239929,25,80
389.526001,66.06590271,6,10,81
406.8009949,124.3759995,6,11,81
322.1210022,132.9420013,6,9,81
130.7949982,396.3619995,6,17,81
232.3999939,289.7659912,9.519720078,12,81
298.394989,298.8110046,6,15,81
283.3649902,327.6080017,6,18,81
172.052002,51.09619904,16.73399925,22,81
170.6670074,180.3630066,18.24230003,20,81
24.09259987,343.2309875,18.65379906,21,81
231.4069977,483.8680115,18.50429916,23,81
51.76330185,422.8970032,26.80130005,14,81
120.6920013,424.6900024,30,26,81
164.0310059,104.836998,6,28,81
68.99459839,122.9779968,15,24,81
480.1019897,340.7999878,22.68099976,25,81
383.0329895,66.35980225,6,10,82
407.1159973,125.3479996,6,11,82
322.3800049,133.0370026,6,9,82
130.8739929,395.8909912,6,17,82
232.8249969,289.5230103,13.80259991,12,82
299.2489929,298.5920105,6,15,82
283.1589966,327.5499878,9.348779678,18,82
175.5789948,52.99219894,18.1522007,22,82
74.93309784,140.697998,20.87039948,24,82
172.1660004,183.0670013,20.94960022,20,82
26.09810066,346.2829895,20.39229965,21,82
233.9629974,478.1919861,19.83329964,23,82
50.34960175,423.427002,27.15379906,14,82
122.7799988,427.821991,30,26,82
164.0310059,104.836998,6,28,82
479.1080017,342.0769958,28.08279991,25,82
383.3630066,66.71549988,6,10,83
407.3609924,126.3430023,6,11,83
321.6730042,133.2779999,7.552340031,9,83
131.326004,396.2890015,6,17,83
233.1529999,289.8070068,14.91950035,12,83
299.7619934,298.5169983,8.712869644,15,83
281.9880066,326.993988,11.25479984,18,83
180.0800018,56.84880066,19.78070068,22,83
77.42160034,148.9900055,22.35569954,24,83
170.9019928,181.5690002,21.73570061,20,83
26.32189941,347.9880066,20.74860001,21,83
236.9259949,472.3909912,21.30109978,23,83
49.14810181,424.7160034,27.09589958,14,83
124.3460007,435.1289978,30,26,83
164.0310059,104.836998,6,28,83
489.0480042,349.026001,7.206049919,25,83
383.2120056,66.39459991,6,10,84
407.1610107,125.6880035,6,11,84
322.1159973,133.177002,9.048130035,9,84
130.9170074,395.4379883,6,17,84
233.0200043,289.1629944,15.62419987,12,84
299.2680054,298.5830078,9.176420212,15,84
184.602005,59.29190063,20.84950066,22,84
171.1649933,181.9940033,22.8416996,20,84
71.07119751,156.177002,26.50880051,24,84
28.01729965,351.1520081,21.51860046,21,84
241.7700043,467.0660095,21.15410042,23,84
108.8470001,444.0769958,6,26,84
164.0310059,104.836998,6,28,84
483.0840149,350.0939941,29.97249985,25,84
390.1149902,65.71489716,6,10,85
406.9119873,125.0469971,6,11,85
321.9590149,132.673996,6,9,85
130.2599945,394.9440002,6,17,85
232.9080048,288.6679993,12.95040035,12,85
299.3519897,298.1740112,6,15,85
279.9360046,325.2030029,7.931910038,18,85
187.2519989,60.47890091,20.24220085,22,85
170.9750061,181.397995,21.17539978,20,85
29.84090042,353.5559998,20.33429909,21,85
245.1419983,463.0050049,20.22710037,23,85
65.18859863,161.7400055,29.34950066,24,85
107.2450027,442.6830139,21,26,85
164.0310059,104.836998,6,28,85
486.0660095,353.2919922,26.42429924,25,85
390.105011,65.79599762,6,10,86
406.5180054,124.5210037,6,11,86
321.3770142,131.8359985,6,9,86
129.8760071,394.7099915,6,17,86
232.5820007,287.8460083,10.91880035,12,86
298.1019897,297.802002,6,15,86
279.006012,324.3869934,6,18,86
193.6109924,64.16570282,20.67790031,22,86
170.4459991,181.147995,20.21579933,20,86
31.58550072,357.8139954,19.78879929,21,86
245.1349945,461.5639954,19.53499985,23,86
484.1600037,352.1600037,29.90629959,25,86
101.2710037,444.3510132,18,26,86
164.0310059,104.836998,6,28,86
62.62559891,162.0690002,33,24,86
391.20401,66.17449951,6,10,87
406.2510071,123.9240036,6,11,87
320.8640137,131.1399994,6,9,87
129.9980011,394.5,6,17,87
232.072998,287.3259888,9.476750374,12,87
298.2399902,297.4379883,6,15,87
279.0280151,323.6799927,6,18,87
195.5379944,65.67079926,20.35960007,22,87
169.6069946,180.147995,19.60009956,20,87
32.13759995,359.2359924,19.43600082,21,87
245.3619995,460.2829895,18.94589996,23,87
485.0559998,352.9389954,29.32290077,25,87
98.6115036,451.2650146,18,26,87
164.0310059,104.836998,6,28,87
61.07590103,162.5850067,33,24,87
391.9729919,67.04570007,6,10,88
406.6929932,124.3550034,6,11,88
321.4819946,131.4790039,6,9,88
130.2019958,394.4700012,6,17,88
232.3480072,287.5270081,11.28439999,12,88
298.6459961,296.7080078,6,15,88
278.6080017,323.3909912,6,18,88
197.1869965,66.52799988,21.09930038,22,88
169.302002,180.0720062,20.01919937,20,88
245.798996,460.3200073,18.85650063,23,88
33.68830109,364.052002,19.55610085,21,88
485.8590088,354.2680054,29.37199974,25,88
97.01580048,457.1159973,18,26,88
164.0310059,104.836998,6,28,88
60.54930115,162.5850067,33,24,88
393.1029968,67.8259964,6,10,89
406.7990112,124.7900009,6,11,89
321.9949951,131.923996,6,9,89
130.4080048,394.8819885,6,17,89
232.6349945,287.3909912,13.83839989,12,89
299.256012,296.5710144,6,15,89
200.3659973,68.64070129,21.25020027,22,89
169.4120026,180.621994,22.47710037,20,89
34.3567009,366.7969971,20.56299973,21,89
246.3959961,459.3850098,20.15710068,23,89
486.9899902,356.5119934,29.08320045,25,89
99.67520142,466.1579895,18,26,89
164.0310059,104.836998,6,28,89
56.28179932,164.1419983,21,24,89
393.381012,68.52850342,6,10,90
406.9859924,125.5279999,6,11,90
321.9100037,132.0200043,7.63383007,9,90
130.6360016,394.6270142,6,17,90
232.7449951,287.6199951,16.08419991,12,90
299.29599,296.8510132,8.428019524,15,90
204.4839935,70.4335022,20.92869949,22,90
169.1000061,181.2460022,24.08139992,20,90
34.72040176,369.0069885,21.58410072,21,90
247.026001,459.0939941,21.2003994,23,90
488.0010071,358.7380066,28.74650002,25,90
103.3980026,476.8160095,18,26,90
164.0310059,104.836998,6,28,90
393.4119873,68.41919708,6,10,91
407.1539917,125.0080032,6,11,91
321.9500122,131.8679962,7.725979805,9,91
130.3480072,394.0589905,6,17,91
232.878006,287.2139893,15.79580021,12,91
299.5209961,296.3210144,8.735250473,15,91
277.9830017,323.7080078,12.24520016,18,91
207.1130066,71.31349945,20.84300041,22,91
168.8820038,181.3860016,24.0951004,20,91
30.20140076,375.1220093,20.89119911,21,91
246.4019928,459.9890137,21.41220093,23,91
488.2950134,359.1749878,29.07369995,25,91
102.8669968,485.4230042,18,26,91
164.0310059,104.836998,6,28,91
392.9899902,67.64949799,6,10,92
406.730011,124.3499985,6,11,92
322.2609863,131.1779938,6,9,92
130.3999939,393.3779907,6,17,92
232.4340057,286.0350037,15.07579994,12,92
299.0910034,296.0939941,8.26887989,15,92
209.6109924,71.70469666,19.79829979,22,92
167.8390045,182.022995,24.45409966,20,92
24.25259972,378.9259949,20.9701004,21,92
245.0749969,460.9100037,20.65159988,23,92
488.6289978,359.5360107,27.53440094,25,92
100.2070007,491.8630066,18,26,92
164.0310059,104.836998,6,28,92
278.105011,322.7009888,6,18,92
393.1390076,67.22859955,6,10,93
406.4670105,123.7490005,6,11,93
321.9989929,130.7680054,6,9,93
129.6230011,392.4049988,6,17,93
232.0650024,285.8460083,11.37930012,12,93
298.5469971,295.9020081,6,15,93
213.1959991,72.27639771,18.41799927,22,93
165.6230011,184.1080017,25.13809967,20,93
240.6300049,464.696991,19.33539963,23,93
18.71199989,386.7430115,20.24629974,21,93
489.1749878,359.7529907,26.07719994,25,93
98.07959747,495.0710144,18,26,93
164.0310059,104.836998,6,28,93
271.0150146,325.6099854,6,18,93
393.0939941,67.05269623,6,10,94
406.2229919,123.185997,6,11,94
321.4859924,129.8739929,6,9,94
129.3269958,391.6610107,6,17,94
298.9339905,294.4509888,6,15,94
215.076004,71.7928009,18.49810028,22,94
163.6289978,185.5379944,26.76189995,20,94
13.84790039,392.2839966,18.84840012,21,94
234.8619995,470.9620056,19.08720016,23,94
489.8989868,360.980011,23.98830032,25,94
164.0310059,104.836998,6,28,94
267.0159912,326.3370056,6,18,94
393.8930054,67.92279816,6,10,95
406.4410095,122.8519974,6,11,95
321.2349854,129.7640076,6,9,95
129.4620056,391.3080139,6,17,95
232.3329926,285.006012,12.72389984,12,95
299.3169861,294.2049866,6,15,95
215.3000031,71.81620026,19.40999985,22,95
163.3159943,187.3099976,27.82530022,20,95
10.47539997,395.6419983,20.00270081,21,95
232.8999939,477.6539917,19.68510056,23,95
165.1139984,103.2109985,6,28,95
265.743988,327.0639954,6,18,95
393.875,67.86180115,6,10,96
406.7969971,123.0250015,6,11,96
321.4580078,130.0350037,6,9,96
129.5279999,390.5599976,6,17,96
232.496994,285.0280151,15.23490047,12,96
299.9060059,294.4309998,6,15,96
216.9830017,70.66940308,21.9470005,22,96
6.789949894,399.7709961,20.6616993,21,96
229.3950043,485.3139954,21.92869949,23,96
163.0090027,188.2610016,28.77389908,20,96
165.1139984,103.2109985,6,28,96
265.3900146,327.0539856,6,18,96
393.6879883,67.92690277,6,10,97
406.7980042,123.0550003,6,11,97
322.3269958,130.6230011,9.058679581,9,97
129.3439941,390.4360046,6,17,97
232.5809937,285.5069885,16.03969955,12,97
299.4230042,294.8139954,9.882699966,15,97
217.3529968,71.50579834,23.6364994,22,97
-1.261759996,403.8460083,20.4552002,21,97
225.848999,490.8099976,21.59589958,23,97
165.1139984,103.2109985,6,28,97
263.9509888,327.7749939,9,18,97
393.8540039,67.84719849,6,10,98
406.9020081,122.927002,6,11,98
322.7619934,130.397995,9.963669777,9,98
129.4550018,390.0010071,6,17,98
299.8330078,294.5710144,9.173629761,15,98
218.3269958,72.07649994,24.52490044,22,98
232.552002,285.1040039,16.84009933,12,98
-6.958000183,406.644989,20.79290009,21,98
165.1139984,103.2109985,6,28,98
263.0660095,327.2330017,12,18,98
393.6279907,68.0007019,6,10,99
406.6919861,121.7979965,6,11,99
321.8250122,129.2599945,6,9,99
129.6670074,390.20401,6,17,99
232.1380005,284.1480103,15.61069965,12,99
298.9379883,294.5559998,7.821000099,15,99
220.6199951,72.47570038,24.66180038,22,99
165.1139984,103.2109985,6,28,99
261.1180115,325.4649963,12,18,99
392.946991,67.32170105,6,10,100
406.1640015,120.4690018,6,11,100
321.5130005,128.4819946,6,9,100
129.2100067,389.7279968,6,17,100
231.8529968,283.1289978,14.13230038,12,100
298.4549866,293.5079956,6,15,100
223.8739929,74.09290314,23.41729927,22,100
165.1139984,103.2109985,6,28,100
259.1170044,324.4989929,6,18,100